{"cameraMode":{"drawMode":0,"name":"Shaded","section":"Shading Mode"},"sceneLighting":true,"audioPlay":false,"sceneViewState":{"showFog":true,"showMaterialUpdate":false,"showSkybox":true,"showFlares":true,"showImageEffects":true,"showParticleSystems":true},"in2DMode":false,"pivot":{"x":-0.8646512031555176,"y":-67.7427749633789,"z":-30.770292282104493},"rotation":{"x":-0.005288328975439072,"y":0.8472591638565064,"z":-0.5313140153884888,"w":-0.008304220624268055},"size":45.30112075805664,"orthographic":false}