{"cameraMode":{"drawMode":0,"name":"Shaded","section":"Shading Mode"},"sceneLighting":false,"audioPlay":false,"sceneViewState":{"showFog":true,"showMaterialUpdate":true,"showSkybox":true,"showFlares":true,"showImageEffects":true,"showParticleSystems":true},"in2DMode":false,"pivot":{"x":88.55558776855469,"y":-11.188804626464844,"z":-2.463001012802124},"rotation":{"x":0.07446638494729996,"y":0.7139982581138611,"z":-0.07840561121702194,"w":0.6921976804733276},"size":34.161033630371097,"orthographic":false}