{"cameraMode":{"drawMode":0,"name":"Shaded","section":"Shading Mode"},"sceneLighting":false,"audioPlay":false,"sceneViewState":{"showFog":true,"showMaterialUpdate":true,"showSkybox":true,"showFlares":true,"showImageEffects":true,"showParticleSystems":true},"in2DMode":false,"pivot":{"x":19.921321868896486,"y":1.1973203420639039,"z":-0.4178341329097748},"rotation":{"x":-0.03812309727072716,"y":-0.48186901211738589,"z":0.021583452820777894,"w":-0.875521183013916},"size":15.424863815307618,"orthographic":false}